{"valueType":"nodes","values":[{"_typeName":"Phrase","id":"cjij544tc000m0838olg33b96","createdAt":"2018-06-17T18:04:08.229Z","originalText":"Do you understand Russian?","startTime":4538,"stopTime":4538,"translateText":"Вы понимаете по-русски?","updatedAt":"2018-06-17T18:04:08.218Z"},{"_typeName":"Lesson","id":"cjij549h0000p0838kcpulem6","createdAt":"2018-06-17T18:04:14.242Z","updatedAt":"2018-06-17T18:04:14.242Z"},{"_typeName":"Course","id":"cjij54ihf000t0838957ewt8f","createdAt":"2018-06-17T18:04:25.879Z","name":"Pimsler 1","updatedAt":"2018-06-17T18:04:25.879Z"}]}